title,chf
headings,20210129,20210128,change
2Y,-0.715243971911,-0.726081571782,0.010837599872
5Y,-0.546778123804,-0.564698329544,0.017920205740
10Y,-0.220481195614,-0.253197965600,0.032716769986
15Y,-0.025591186311,-0.062929408116,0.037338221806
20Y,0.044669598864,0.002246744245,0.042422854619
25Y,0.017386128329,-0.027646919652,0.045033047981
30Y,-0.047424370788,-0.092417175332,0.044992804545
35Y,-0.047612202415,-0.092624178220,0.045011975805
