title,eur
headings,20210129,20210128,change
2Y,-0.532631248462,-0.545166534714,0.012535286253
5Y,-0.435653026633,-0.455925958648,0.020272932016
10Y,-0.175228804593,-0.208859282475,0.033630477882
15Y,0.034458027015,-0.003770205019,0.038228232034
20Y,0.130937500281,0.091610035350,0.039327464931
25Y,0.148815542730,0.107422410434,0.041393132296
30Y,0.132283012909,0.089876488852,0.042406524057
35Y,0.107812600683,0.065017385541,0.042795215142
