title,usd
headings,20210129,20210128,change
2Y,0.198636827775,0.192583416129,0.006053411646
5Y,0.541157955454,0.513369947141,0.027788008313
10Y,1.126884777900,1.080783414396,0.046101363504
15Y,1.404838983221,1.353460938114,0.051378045106
20Y,1.531085470111,1.475544874650,0.055540595461
25Y,1.585482237828,1.532767311703,0.052714926125
30Y,1.609742965117,1.556947253790,0.052795711327
35Y,1.604182680145,1.550582526430,0.053600153716
