title,chf
headings,20201229,20201228,change
2Y,-0.714610917665,-0.708741500202,-0.005869417463
5Y,-0.556728157089,-0.546142449942,-0.010585707147
10Y,-0.277061924523,-0.261993477755,-0.015068446768
15Y,-0.109844269822,-0.095059223835,-0.014785045987
20Y,-0.052472803447,-0.037519768690,-0.014953034757
25Y,-0.082525762996,-0.067514585074,-0.015011177922
30Y,-0.142375013959,-0.127379722396,-0.014995291564
35Y,-0.142421444483,-0.127455376753,-0.014966067729
