title,chf
headings,20210105,20210104,change
2Y,-0.726382421518,-0.718710801599,-0.007671619919
5Y,-0.581737867016,-0.576416714786,-0.005321152231
10Y,-0.304572755721,-0.309455900657,0.004883144936
15Y,-0.137292914931,-0.142564082709,0.005271167778
20Y,-0.079980080335,-0.085029050994,0.005048970660
25Y,-0.109949120014,-0.114922748563,0.004973628549
30Y,-0.169799348424,-0.174865727362,0.005066378938
35Y,-0.169943447986,-0.174938659074,0.004995211087
