title,chf
headings,20210104,20210101,change
2Y,-0.718710801599,-0.712213555320,-0.006497246279
5Y,-0.576416714786,-0.556868525228,-0.019548189558
10Y,-0.309455900657,-0.280353163267,-0.029102737390
15Y,-0.142564082709,-0.112684587695,-0.029879495014
20Y,-0.085029050994,-0.055084569528,-0.029944481466
25Y,-0.114922748563,-0.084949198672,-0.029973549891
30Y,-0.174865727362,-0.144824605144,-0.030041122218
35Y,-0.174938659074,-0.144963750284,-0.029974908790
