title,chf
headings,20210106,20210105,change
2Y,-0.721350475555,-0.726382421518,0.005031945963
5Y,-0.571760002932,-0.581737867016,0.009977864084
10Y,-0.279862565700,-0.304572755721,0.024710190021
15Y,-0.112376326852,-0.137292914931,0.024916588079
20Y,-0.054997378433,-0.079980080335,0.024982701902
25Y,-0.085086969346,-0.109949120014,0.024862150668
30Y,-0.144855097805,-0.169799348424,0.024944250619
35Y,-0.144967706636,-0.169943447986,0.024975741350
