title,chf
headings,20201225,20201224,change
2Y,-0.705949107342,-0.705896905039,-0.000052202303
5Y,-0.544285428780,-0.544622475698,0.000337046918
10Y,-0.255445465963,-0.255455916646,0.000010450683
15Y,-0.087736847777,-0.087750730465,0.000013882688
20Y,-0.030128607302,-0.030122672280,-0.000005935022
25Y,-0.059970521501,-0.060050937523,0.000080416022
30Y,-0.119755654698,-0.119801764061,0.000046109364
35Y,-0.119964925683,-0.120013508007,0.000048582324
