title,chf
headings,20201228|20201225|change
2Y,-0.007087415002|-0.007059491073|-0.000027923929
5Y,-0.005461424499|-0.005442854288|-0.000018570212
10Y,-0.002619934778|-0.002554454660|-0.000065480118
15Y,-0.000950592238|-0.000877368478|-0.000073223761
20Y,-0.000375197687|-0.000301286073|-0.000073911614
30Y,-0.001273797224|-0.001197556547|-0.000076240677
