title,chf
headings,20201228,20201225,change
2Y,-0.708741500202,-0.705949107342,-0.002792392859
5Y,-0.546142449942,-0.544285428780,-0.001857021162
10Y,-0.261993477755,-0.255445465963,-0.006548011791
15Y,-0.095059223835,-0.087736847777,-0.007322376058
20Y,-0.037519768690,-0.030128607302,-0.007391161388
25Y,-0.067514585074,-0.059970521501,-0.007544063572
30Y,-0.127379722396,-0.119755654698,-0.007624067698
35Y,-0.127455376753,-0.119964925683,-0.007490451070
