title,chf
headings,20210122,20210121,change
2Y,-0.708751431059,-0.706137216183,-0.002614214876
5Y,-0.542389507896,-0.532656615155,-0.009732892742
10Y,-0.233113298439,-0.223280042961,-0.009833255478
15Y,-0.053074926273,-0.042935905095,-0.010139021178
20Y,0.009736296092,0.019750230411,-0.010013934319
25Y,-0.020086683906,-0.010160966225,-0.009925717681
30Y,-0.084942818347,-0.074959264120,-0.009983554227
35Y,-0.085106430169,-0.075122510120,-0.009983920049
