title,eur
headings,20201229,20201228,change
2Y,-0.515128274577,-0.506365473562,-0.008762801016
5Y,-0.449176390264,-0.442281075781,-0.006895314484
10Y,-0.253698553909,-0.243122090254,-0.010576463655
15Y,-0.070026696178,-0.062266002270,-0.007760693908
20Y,0.008167586863,0.014110645255,-0.005943058391
25Y,0.009386748518,0.012930195879,-0.003543447361
30Y,-0.021085143766,-0.017541992108,-0.003543151658
35Y,-0.053874390746,-0.050458544219,-0.003415846526
