title,eur
headings,20210122,20210121,change
2Y,-0.516944442643,-0.517083556319,0.000139113676
5Y,-0.432094601114,-0.425746371118,-0.006348229996
10Y,-0.199725473606,-0.191862702259,-0.007862771347
15Y,-0.002380979576,0.006779430694,-0.009160410269
20Y,0.089662128613,0.099711282343,-0.010049153729
25Y,0.103059081985,0.114030374091,-0.010971292107
30Y,0.083510680298,0.093491670136,-0.009980989838
35Y,0.056733180597,0.066055841119,-0.009322660522
