title,eur
headings,20210104,20210101,change
2Y,-0.537394196861,-0.524370417537,-0.013023779324
5Y,-0.477477183085,-0.449148504617,-0.028328678468
10Y,-0.288071969764,-0.256415733961,-0.031656235804
15Y,-0.105276449721,-0.071252787276,-0.034023662445
20Y,-0.024932055419,0.008254905564,-0.033186960984
25Y,-0.022597500317,0.009683063205,-0.032280563522
30Y,-0.050123006047,-0.019780756452,-0.030342249595
35Y,-0.081338914198,-0.052000084547,-0.029338829651
