title,eur
headings,20210105,20210104,change
2Y,-0.540342855809,-0.537394196861,-0.002948658948
5Y,-0.476649814139,-0.477477183085,0.000827368947
10Y,-0.275226175176,-0.288071969764,0.012845794589
15Y,-0.088489774589,-0.105276449721,0.016786675132
20Y,-0.006367290651,-0.024932055419,0.018564764768
25Y,-0.003142194672,-0.022597500317,0.019455305645
30Y,-0.029631783416,-0.050123006047,0.020491222631
35Y,-0.059547882698,-0.081338914198,0.021791031500
