title,eur
headings,20201228,20201225,change
2Y,-0.506365473562,-0.501818551636,-0.004546921925
5Y,-0.442281075781,-0.426202230859,-0.016078844922
10Y,-0.243122090254,-0.225041044489,-0.018081045765
15Y,-0.062266002270,-0.043485381834,-0.018780620436
20Y,0.014110645255,0.032960344603,-0.018849699348
25Y,0.012930195879,0.031870371172,-0.018940175293
30Y,-0.017541992108,0.001389788925,-0.018931781033
35Y,-0.050458544219,-0.031522465423,-0.018936078796
