title,eur
headings,20201228|20201225|change
2Y,-0.005063654736|-0.005018185516|-0.000045469219
5Y,-0.004422810758|-0.004262022309|-0.000160788449
10Y,-0.002431220903|-0.002250410445|-0.000180810458
15Y,-0.000622660023|-0.000434853818|-0.000187806204
20Y,0.000141106453|0.000329603446|-0.000188496993
30Y,-0.000175419921|0.000013897889|-0.000189317810
