title,eur
headings,20210106,20210105,change
2Y,-0.534249212350,-0.540342855809,0.006093643460
5Y,-0.458698052632,-0.476649814139,0.017951761507
10Y,-0.245540998921,-0.275226175176,0.029685176255
15Y,-0.056606430398,-0.088489774589,0.031883344192
20Y,0.026587303995,-0.006367290651,0.032954594646
25Y,0.029796168057,-0.003142194672,0.032938362729
30Y,0.003331461049,-0.029631783416,0.032963244465
35Y,-0.026337444926,-0.059547882698,0.033210437772