title,eur
headings,20201225,20201224,change
2Y,-0.501818551636,-0.501786978735,-0.000031572901
5Y,-0.426202230859,-0.426478124619,0.000275893760
10Y,-0.225041044489,-0.225103535785,0.000062491296
15Y,-0.043485381834,-0.043482394118,-0.000002987715
20Y,0.032960344603,0.032982215672,-0.000021871068
25Y,0.031870371172,0.031857084995,0.000013286177
30Y,0.001389788925,0.001371448955,0.000018339970
35Y,-0.031522465423,-0.031483564546,-0.000038900877
