title,1 USD
headings,latest,20210128,change(%)
USD,1.0,1.0,0.0
GBP,0.7282712591,0.7328012571,-0.00618175522504838
EUR,0.8239947264,0.8270614507,-0.0037079763509766384
CHF,0.8897495056,0.8918203623,-0.0023220558618545217
JPY,104.6885299934,104.375155074,0.0030023899765976303
CAD,1.2788398154,1.2872384418,-0.006524530442282184
AUD,1.3034772577,1.3161855926,-0.009655427753844203
SGD,1.3283618985,1.3331403523,-0.003584359134997217
NZD,1.3895023072,1.4066661153,-0.012201764095483014
