title,1 USD
headings,latest,20210216,change(%)
USD,1.0,1.0,0.0
GBP,0.7210613599,0.7192044799,0.0025818526606760095
EUR,0.8291873964,0.8235197233,0.006882255445308072
CHF,0.8960199005,0.8894013012,0.007441634379295348
JPY,106.0862354892,105.5422877378,0.005153837035931419
CAD,1.2689883914,1.2653380548,0.0028848706368647115
AUD,1.2912935323,1.285761344,0.004302655641201358
SGD,1.3290215589,1.3247138269,0.0032518208178446972
NZD,1.3918739635,1.3813719839,0.00760257173476897
