title,1 USD
headings,latest,20210106,change(%)
USD,1.0,1.0,0.0
GBP,0.7346855653,0.7346004215,0.00011590491579904771
CHF,0.8824535679,0.8770465229,0.006165060642531639
EUR,0.8145975888,0.8105041336,0.005050505025579799
JPY,103.559791463,102.9583400875,0.005841696505487937
AUD,1.2899967416,1.282541741,0.005812676782111836
SGD,1.3239654611,1.3167450154,0.005483556509083609
NZD,1.3772401434,1.3710487923,0.004515777363118811
