title,1 USD
headings,latest,20210104,change(%)
USD,1.0,1.0,0.0
GBP,0.736150273,0.7332465843,0.003960043949978953
CHF,0.8803683481,0.8792290176,0.001295829047032404
EUR,0.8149295086,0.813272609,0.002037323748106168
JPY,102.8848504604,102.9765777489,-0.0008907587580125886
AUD,1.2979382283,1.2953806116,0.001974413293743149
SGD,1.3185559449,1.317338972,0.0009238115062764063
NZD,1.3883139108,1.3878497072,0.0003344768511976959
