title,1 USD
headings,latest,20210121,change(%)
USD,1.0,1.0,0.0
GBP,0.7323984208,0.7289439052,0.004739069186746603
EUR,0.8225037013,0.8225037013,0.0
CHF,0.8860832374,0.8860832374,0.0
JPY,103.7917420628,103.4051653232,0.003738466433390819
CAD,1.2714262214,1.2621319296,0.007363962183371431
AUD,1.2970883369,1.2859845369,0.008634473962468192
SGD,1.3282612272,1.322668202,0.004228592772959061
NZD,1.3937325218,1.3861654877,0.005458968764657124
