title,1 USD
headings,latest,20201229,change(%)
USD,1.0,1.0,0.0
GBP,0.7353391418,0.7411942247,-0.007899525798881868
CHF,0.8840485302,0.8860429073,-0.002250880948956979
EUR,0.8142659393,0.8157272208,-0.0017913849908881563
JPY,103.0616399316,103.7849743046,-0.006969548124346692
AUD,1.3048611677,1.3150338527,-0.007735682985737458
SGD,1.3237521374,1.3275144792,-0.002834124869407928
NZD,1.3900333849,1.4006852109,-0.0076047251139004235
