title,1 USD
headings,latest,20201228,change(%)
USD,1.0,1.0,0.0
GBP,0.7411942247,0.7398968819,0.001753410281535972
CHF,0.8860429073,0.8882887307,-0.002528258349321022
EUR,0.8157272208,0.8183975775,-0.0032629088519020577
JPY,103.7849743046,103.5600294623,0.002172120300350855
AUD,1.3150338527,1.316228824,-0.0009078750428579418
SGD,1.3275144792,1.3288321467,-0.000991598151258044
NZD,1.4006852109,1.4043702431,-0.0026239748514362837
