title,1 USD
headings,latest, 20201224,change(%)
USD,1.0,1.0,0.0
GBP,0.7398968819,0.7364471418,0.004684301023381243
CHF,0.8882887307,0.889936849,-0.001851949721884183
EUR,0.8183975775,0.8201427048,-0.0021278337169694517
JPY,103.5600294623,103.6496350365,-0.0008645044834789672
AUD,1.316228824,1.3154268843,0.0006096421698318366
SGD,1.3288321467,1.3282211105,0.0004600410241710762
NZD,1.4043702431,1.4080209957,-0.0025928253990169514
