title,gbp
headings,20201229,20201228,change
2Y,0.050306270896,0.061877706301,-0.011571435405
5Y,0.220187376103,0.238825032472,-0.018637656369
10Y,0.425527426671,0.453773828138,-0.028246401467
15Y,0.551245302538,0.586283989713,-0.035038687175
20Y,0.605408384429,0.645186372832,-0.039777988403
25Y,0.616347279578,0.658810382337,-0.042463102759
30Y,0.609927827154,0.653310526447,-0.043382699293
35Y,0.586860069500,0.630258332015,-0.043398262515
