title,gbp
headings,20210122,20210121,change
2Y,0.090675983164,0.095797513129,-0.005121529965
5Y,0.274527727693,0.281634635503,-0.007106907810
10Y,0.522889231621,0.530662886690,-0.007773655068
15Y,0.665745026213,0.672404084475,-0.006659058263
20Y,0.725571361917,0.730918380754,-0.005347018837
25Y,0.739029255379,0.744171643776,-0.005142388397
30Y,0.733608671010,0.738846993423,-0.005238322413
35Y,0.711925037234,0.717177478123,-0.005252440889
