title,gbp
headings,20201228|20201225|change
2Y,0.000618777063|0.000615724213|0.000003052850
5Y,0.002388250325|0.002387688313|0.000000562011
10Y,0.004537738281|0.004537456209|0.000000282073
15Y,0.005862839897|0.005865120895|-0.000002280998
20Y,0.006451863728|0.006453077305|-0.000001213576
30Y,0.006533105264|0.006533568130|-0.000000462865
