title,gbp
headings,20210106,20210105,change
2Y,0.049806167139,0.045505153510,0.004301013629
5Y,0.204162947471,0.185861300540,0.018301646931
10Y,0.431825498077,0.404772577973,0.027052920104
15Y,0.565819014332,0.531529163481,0.034289850851
20Y,0.620557144107,0.584655930993,0.035901213114
25Y,0.634190752015,0.597083991787,0.037106760228
30Y,0.628676211526,0.590165817991,0.038510393536
35Y,0.607011744833,0.566799532542,0.040212212291

