title,gbp
headings,20210104,20210101,change
2Y,0.051739674564,0.033316108238,0.018423566325
5Y,0.182952368013,0.192683225807,-0.009730857794
10Y,0.383227636837,0.396982645049,-0.013755008211
15Y,0.521542698608,0.522276099043,-0.000733400434
20Y,0.556050493032,0.573821554928,-0.017771061896
25Y,0.561468899441,0.583450074658,-0.021981175216
30Y,0.557561417455,0.574905394470,-0.017343977016
35Y,0.534503184787,0.552015705518,-0.017512520731
