title,gbp
headings,20210105,20210104,change
2Y,0.045505153510,0.051739674564,-0.006234521054
5Y,0.185861300540,0.182952368013,0.002908932527
10Y,0.404772577973,0.383227636837,0.021544941136
15Y,0.531529163481,0.521542698608,0.009986464872
20Y,0.584655930993,0.556050493032,0.028605437960
25Y,0.597083991787,0.561468899441,0.035615092346
30Y,0.590165817991,0.557561417455,0.032604400536
35Y,0.566799532542,0.534503184787,0.032296347755
