title,gbp
headings,20201225,20201224,change
2Y,0.061572421344,0.061827397641,-0.000254976297
5Y,0.238768831329,0.238784311366,-0.000015480037
10Y,0.453745620874,0.453761773454,-0.000016152581
15Y,0.586512089540,0.586521803213,-0.000009713673
20Y,0.645307730475,0.645313250375,-0.000005519900
25Y,0.658859191223,0.658860318935,-0.000001127711
30Y,0.653356812994,0.653350601107,0.000006211887
35Y,0.630231894890,0.630280138442,-0.000048243552
