title,gbp
headings,20201228,20201225,change
2Y,0.061877706301,0.061572421344,0.000305284957
5Y,0.238825032472,0.238768831329,0.000056201143
10Y,0.453773828138,0.453745620874,0.000028207264
15Y,0.586283989713,0.586512089540,-0.000228099827
20Y,0.645186372832,0.645307730475,-0.000121357643
25Y,0.658810382337,0.658859191223,-0.000048808886
30Y,0.653310526447,0.653356812994,-0.000046286547
35Y,0.630258332015,0.630231894890,0.000026437124
