title,jpy
headings,20201228|20201225|change
2Y,-0.000195700796|-0.000192104743|-0.000003596053
5Y,-0.000142945055|-0.000156547226|0.000013602171
10Y,0.000150094465|0.000130373143|0.000019721322
15Y,0.000591690448|0.000555471115|0.000036219333
20Y,0.000955647824|0.000904771760|0.000050876064
30Y,0.001422482641|0.001344693721|0.000077788919
