title,jpy
headings,20210105,20210104,change
2Y,-0.053119575103,-0.051025706506,-0.002093868597
5Y,-0.045150555452,-0.038982479155,-0.006168076297
10Y,0.035168044004,0.045757758255,-0.010589714250
15Y,0.161265466353,0.175031471655,-0.013766005302
20Y,0.265678253534,0.281858497376,-0.016180243842
25Y,0.339490598281,0.356745299129,-0.017254700848
30Y,0.395858484788,0.413765607144,-0.017907122356
35Y,0.397134169246,0.414866650976,-0.017732481729
