title,jpy
headings,20210122,20210121,change
2Y,-0.053423937564,-0.057328870257,0.003904932693
5Y,-0.038845653909,-0.044267350726,0.005421696817
10Y,0.045056791626,0.040323222917,0.004733568709
15Y,0.165760509358,0.160769362773,0.004991146585
20Y,0.266730011077,0.262018311063,0.004711700014
25Y,0.334121260034,0.330375252173,0.003746007861
30Y,0.380191082369,0.378204745214,0.001986337154
35Y,0.381551295040,0.379431935591,0.002119359449
