title,jpy
headings,20210106,20210105,change
2Y,-0.050812949390,-0.053119575103,0.002306625713
5Y,-0.039263442337,-0.045150555452,0.005887113116
10Y,0.043959787269,0.035168044004,0.008791743265
15Y,0.170957331741,0.161265466353,0.009691865387
20Y,0.276282205242,0.265678253534,0.010603951709
25Y,0.351498637240,0.339490598281,0.012008038959
30Y,0.408857190211,0.395858484788,0.012998705423
35Y,0.410120506180,0.397134169246,0.012986336934
