title,jpy
headings,20201228,20201225,change
2Y,-0.019570079621,-0.019210474338,-0.000359605283
5Y,-0.014294505525,-0.015654722580,0.001360217055
10Y,0.015009446515,0.013037314345,0.001972132170
15Y,0.059169044790,0.055547111464,0.003621933326
20Y,0.095564782430,0.090477175983,0.005087606447
25Y,0.122269263910,0.115645380202,0.006623883708
30Y,0.142248264051,0.134469372149,0.007778891902
35Y,0.142679194402,0.134897993741,0.007781200661
