title,jpy
headings,20210129,20210128,change
2Y,-0.045663943052,-0.047233925382,0.001569982331
5Y,-0.030012307268,-0.035522512167,0.005510204899
10Y,0.050105528798,0.039907861087,0.010197667711
15Y,0.168247119678,0.156299119759,0.011947999919
20Y,0.267757651121,0.254165519253,0.013592131868
25Y,0.335097433887,0.319586848703,0.015510585185
30Y,0.381382787810,0.364600806727,0.016781981083
35Y,0.382789026659,0.365812587063,0.016976439596
