title,jpy
headings,20210104,20210101,change
2Y,-0.051025706506,-0.050713945723,-0.000311760783
5Y,-0.038982479155,-0.038235476326,-0.000747002829
10Y,0.045757758255,0.047964754887,-0.002206996632
15Y,0.175031471655,0.178844880480,-0.003813408824
20Y,0.281858497376,0.286530445154,-0.004671947778
25Y,0.356745299129,0.363097948079,-0.006352648950
30Y,0.413765607144,0.421406531015,-0.007640923871
35Y,0.414866650976,0.422769768041,-0.007903117066
