title,jpy
headings,20201225,20201224,change
2Y,-0.019210474338,-0.019441695313,0.000231220975
5Y,-0.015654722580,-0.015753819896,0.000099097316
10Y,0.013037314345,0.013130905441,-0.000093591096
15Y,0.055547111464,0.056007755855,-0.000460644390
20Y,0.090477175983,0.091274527754,-0.000797351770
25Y,0.115645380202,0.116773890133,-0.001128509932
30Y,0.134469372149,0.135778036273,-0.001308664124
35Y,0.134897993741,0.136150624980,-0.001252631239
