title,jpy
headings,20201229,20201228,change
2Y,-0.018321343417,-0.019570079621,0.001248736204
5Y,-0.013604241372,-0.014294505525,0.000690264153
10Y,0.015729375926,0.015009446515,0.000719929411
15Y,0.060706092376,0.059169044790,0.001537047586
20Y,0.097643541333,0.095564782430,0.002078758903
25Y,0.124231521254,0.122269263910,0.001962257344
30Y,0.144153866958,0.142248264051,0.001905602907
35Y,0.144584649177,0.142679194402,0.001905454774
