title,usd
headings,20201228|20201225|change
2Y,0.002012716339|0.001926641692|0.000086074646
5Y,0.004583594754|0.004394389632|0.000189205121
10Y,0.009639923759|0.009449267669|0.000190656089
15Y,0.012283017565|0.012058373491|0.000224644074
20Y,0.013555421511|0.013299951138|0.000255470373
30Y,0.014426977804|0.014153042365|0.000273935440
