title,usd
headings,20210104,20210101,change
2Y,0.189663594659,0.191135779557,-0.001472184898
5Y,0.427715178107,0.427962909481,-0.000247731375
10Y,0.922996302231,0.924160264883,-0.001163962652
15Y,1.185375607634,1.193845499103,-0.008469891469
20Y,1.310395122733,1.321983382534,-0.011588259801
25Y,1.367411054381,1.381125831353,-0.013714776972
30Y,1.397491158624,1.413239003513,-0.015747844888
35Y,1.395652012801,1.411701658313,-0.016049645512
