title,usd
headings,20201228,20201225,change
2Y,0.201271633870,0.192664169235,0.008607464635
5Y,0.458359475358,0.439438963219,0.018920512139
10Y,0.963992375858,0.944926766912,0.019065608946
15Y,1.228301756484,1.205837349085,0.022464407399
20Y,1.355542151119,1.329995113805,0.025547037313
25Y,1.413653262541,1.385182424378,0.028470838163
30Y,1.442697780417,1.415304236455,0.027393543963
35Y,1.440247652523,1.414326101065,0.025921551458
