title,usd
headings,20201229,20201228,change
2Y,0.201869999139,0.201271633870,0.000598365269
5Y,0.446040406520,0.458359475358,-0.012319068838
10Y,0.948127668858,0.963992375858,-0.015864707000
15Y,1.218080159151,1.228301756484,-0.010221597333
20Y,1.343942065199,1.355542151119,-0.011600085920
25Y,1.400874619179,1.413653262541,-0.012778643361
30Y,1.432858720213,1.442697780417,-0.009839060205
35Y,1.431556698013,1.440247652523,-0.008690954510
