title,usd
headings,20201225,20201224,change
2Y,0.192664169235,0.192679379627,-0.000015210392
5Y,0.439438963219,0.439397566931,0.000041396288
10Y,0.944926766912,0.944948587730,-0.000021820818
15Y,1.205837349085,1.205849166410,-0.000011817326
20Y,1.329995113805,1.330004692738,-0.000009578933
25Y,1.385182424378,1.385217344216,-0.000034919839
30Y,1.415304236455,1.415317520345,-0.000013283891
35Y,1.414326101065,1.414359014396,-0.000032913331
