title,usd
headings,20210106,20210105,change
2Y,0.209900610009,0.182007530076,0.027893079932
5Y,0.487177364824,0.423915609592,0.063261755233
10Y,1.032702342190,0.944728588592,0.087973753598
15Y,1.315062226221,1.217761667603,0.097300558617
20Y,1.451955380938,1.345595089330,0.106360291608
25Y,1.512906805628,1.405401120549,0.107505685079
30Y,1.546858896789,1.439394194762,0.107464702027
35Y,1.547098370346,1.439143032266,0.107955338080
