title,usd
headings,20210122,20210121,change
2Y,0.205427153462,0.192489936428,0.012937217034
5Y,0.530146983008,0.523750702443,0.006396280565
10Y,1.113804467682,1.107545081280,0.006259386402
15Y,1.396357507287,1.387639266046,0.008718241241
20Y,1.523793747005,1.510889679860,0.012904067144
25Y,1.581054864558,1.569097566061,0.011957298497
30Y,1.608217899656,1.597226230177,0.010991669479
35Y,1.603238410483,1.592966362430,0.010272048053
