title,usd
headings,20210105,20210104,change
2Y,0.182007530076,0.189663594659,-0.007656064582
5Y,0.423915609592,0.427715178107,-0.003799568515
10Y,0.944728588592,0.922996302231,0.021732286361
15Y,1.217761667603,1.185375607634,0.032386059969
20Y,1.345595089330,1.310395122733,0.035199966597
25Y,1.405401120549,1.367411054381,0.037990066168
30Y,1.439394194762,1.397491158624,0.041903036138
35Y,1.439143032266,1.395652012801,0.043491019465
